Subject,Block,Trial,FixationSeq,AOI,StartTime_ms,EndTime_ms,Duration_ms,SampleCount,Mean_X,Mean_Y,SD_X,SD_Y
991,1,1,1,NaN,0,162,162,163,975.470498410811,131.495962628667,0.850199768994169,2.36638229253427
991,1,1,2,A1,192,328,136,137,823.185923258464,413.821110478154,3.3780123758065,4.62450629881785
991,1,1,3,A1,333,552,219,220,902.41789049621,443.024771104165,3.51033876531751,4.78651550351152
991,1,1,4,A3,567,901,334,335,942.719220135663,720.867566632795,3.90838458613901,16.3873031014342
991,1,1,5,B1,937,1417,480,481,1275.03225459535,465.546660039022,12.7115698269321,28.7487249526842
991,1,1,6,B3,1437,1919,482,483,1284.04386460905,741.996362253931,4.87939172859222,14.347045136994
991,1,2,1,A1,0,387,387,388,918.635491721988,470.155181410399,11.4442465381877,12.4967560186378
991,1,2,2,A2,395,627,232,233,937.757359360204,569.144803926542,1.80870754552664,6.96196950096997
991,1,2,3,A3,640,747,107,108,933.8217001861,729.991508339936,2.29860922934071,7.02583296009801
991,1,2,4,B1,777,1019,242,243,1271.9182551847,468.000207671486,5.06977947456757,3.53794680779178
991,1,2,5,B2,1029,1242,213,214,1270.57146237931,590.464149762999,2.03761425951281,5.8592758891325
991,1,3,1,NaN,0,173,173,174,981.611337883528,136.222092828085,0.773819443898753,4.42563182495522
991,1,3,2,A1,198,518,320,321,932.435738399111,447.24059522862,9.45638950919209,22.8246907825196
991,1,3,3,A2,527,748,221,222,956.677730352228,595.180000998757,2.36146925255541,8.52458429067185
991,1,3,4,B1,781,996,215,216,1280.57289394486,461.524300049399,4.29337785628946,2.81953215467211
991,1,3,5,B2,1006,1221,215,216,1293.70140517761,587.321027381398,4.02751841017912,4.58905248167076
991,1,3,6,B3,1232,1321,89,90,1294.31192987615,716.581247503107,5.23365857324864,6.76421776055974
991,1,3,7,A3,1352,1505,153,154,964.399010909231,732.639143291273,5.23326839367967,2.55575841980337
991,1,3,8,A1,1537,1693,156,157,928.68032187185,483.167418055381,1.60675140234608,4.60262889996201
991,1,4,1,NaN,0,141,141,142,974.269996207101,155.503571265084,0.588504686305797,3.1112681859505
991,1,4,2,A,165,317,152,153,941.354635074439,401.275827976252,1.36594590335566,8.20860378372443
991,1,4,3,A1,319,496,177,178,946.363637057218,460.978125658902,2.46749447569829,2.63526478446248
991,1,4,4,A2,510,772,262,263,951.854979299494,618.259578076359,2.14177544664752,7.156998422815
991,1,4,5,B1,806,1063,257,258,1276.15937590599,465.89609259367,2.67464491870086,2.86292539895295
991,1,4,6,B2,1073,1203,130,131,1295.00193893078,592.986823266791,4.14982659350307,5.43749900134519
991,1,4,7,A1,1232,1534,302,303,962.594185154303,484.454651588617,4.28748959289644,5.11453007185277
991,1,4,8,A2,1544,1689,145,146,939.969097985162,594.357294294569,1.99996240746426,4.72249386061938
991,1,5,1,NaN,0,177,177,178,981.120456001975,160.96136340228,0.612438507058267,2.51087382954553
991,1,5,2,A1,202,376,174,175,915.01618595895,409.363005709786,1.86551381477605,6.09538851184128
991,1,5,3,A1,380,570,190,191,928.310317589492,466.715871901739,1.8360752126552,3.47657056229499
991,1,5,4,A2,583,954,371,372,945.566621357686,630.263786439638,2.39413140211535,6.8151713878591
991,1,5,5,B1,982,1318,336,337,1264.29268489097,493.28716366896,13.6614671842853,14.4145533552353
991,1,5,6,B2,1328,1582,254,255,1300.397628362,650.985967945204,2.58297969125831,7.12316535919239
991,1,5,7,B3,1588,1787,199,200,1288.77499759558,723.546969635318,3.89554265638699,3.58077525956308
991,1,5,8,A3,1822,2078,256,257,943.072743614047,742.336861404718,5.13074802874412,4.63489467566026
991,1,5,9,A1,2111,2284,173,174,950.083430268044,406.361919757932,1.88856878085808,3.99178803462959
991,1,5,10,A,2293,2570,277,278,957.556158646293,304.63496360226,4.605309823432,4.79039692628298
991,1,6,1,NaN,0,170,170,171,992.315680870643,170.080473679763,1.28572144494469,4.76147744773053
991,1,6,2,A1,190,369,179,180,970.875562860725,415.864045303859,2.24705027450665,7.71539513205765
991,1,6,3,A1,375,540,165,166,957.117073245165,507.92561070512,1.56678598890166,6.90463976888423
991,1,6,4,A2,551,713,162,163,956.526088548743,639.406210952664,2.85447724926007,4.62710064787062
991,1,6,5,B1,743,1012,269,270,1289.31996109237,510.589924598808,4.24919554847296,2.95179454337802
991,1,6,6,B2,1022,1183,161,162,1296.0703086853,631.419373893738,2.83279150456189,7.65058000318543
991,1,6,7,A3,1212,1411,199,200,978.528787478052,745.146969727796,5.59138443076926,3.52287581050597
991,1,7,1,NaN,0,172,172,173,982.224562081677,143.918128387273,0.889552394976048,4.39722951948084
991,1,7,2,A1,197,459,262,263,944.889272287888,434.766858623402,1.73335754712428,9.74023301030561
991,1,7,3,A2,470,700,230,231,939.229038821558,590.788865135226,1.04039129967056,7.55839638984499
991,1,7,4,B1,731,960,229,230,1281.52894538746,477.39627262584,4.31764398062464,2.0938641296778
991,1,7,5,B2,973,1273,300,301,1292.8285918475,636.130098476856,7.07231771151327,25.3959892323265
991,1,7,6,A3,1301,1436,135,136,976.886196307282,719.093284720805,5.26588243373221,3.42465416748718
991,1,8,1,NaN,0,183,183,184,1000.46071415157,154.288736112825,0.869672894451249,3.35358963637085
991,1,8,2,A1,209,467,258,259,967.782101523552,436.951556669599,2.44735504535255,5.16383550372159
991,1,8,3,A2,491,761,270,271,952.92118818432,642.996841260492,2.43670589327434,5.14059069938132
991,1,8,4,B1,796,1020,224,225,1284.65179087549,438.666142758767,2.3745150445255,5.99609163639998
991,1,8,5,B2,1036,1357,321,322,1270.97515640259,646.332968330383,3.74277126689379,8.20211492610536
991,1,8,6,A2,1391,1674,283,284,953.003722387003,563.817019848113,4.11738173247164,2.73720984339807
991,1,8,7,A3,1690,1867,177,178,972.291193008423,781.676990855824,2.55213645867352,10.048319333976
991,1,8,8,A1,1905,2115,210,211,947.660767039614,467.250717747154,2.3737536146994,4.23772814379243
991,2,1,1,NaN,0,165,165,166,1003.85274375357,148.767378737287,1.08294731665931,3.75502167310546
991,2,1,2,A,191,369,178,179,978.7070609055,375.9344637596,2.06289947747422,7.25485773143974
991,2,1,3,A1,376,613,237,238,962.06186572576,458.610380140402,1.14293996925389,3.60775273663234
991,2,1,4,A3,624,1018,394,395,963.897456899551,618.634477377544,2.7753220126849,7.50947998963772
991,2,1,5,B4,1044,1217,173,174,1174.21802183639,720.68372238514,5.0131394133407,5.63603254390353
991,2,1,6,B4,1233,1387,154,155,1323.59378430734,733.873853097554,3.37661993624665,1.81807948210438
991,2,1,7,B1,1416,1730,314,315,1305.50782673504,463.641373558166,2.65570792650016,5.26876673945412
991,2,1,8,B3,1740,2102,362,363,1295.66842338583,598.648200037737,3.79040849081116,8.33901726008724
991,2,1,9,B4,2110,2350,240,241,1296.54058480363,705.68828439114,2.8033832422988,5.37161210583325
991,2,2,1,NaN,0,161,161,162,1009.23249912262,157.289062261581,1.82533902218224,4.37148483161936
991,2,2,2,A1,188,438,250,251,913.332129298444,469.818472743513,1.98380140138373,7.60087238768454
991,2,2,3,A4,469,883,414,415,969.684987583114,783.140920643656,3.07315612054682,2.32221842668174
991,2,2,4,A2,917,1086,169,170,939.061015719459,536.506251198905,3.17009306245172,2.87738297572997
991,2,2,5,B3,1114,1315,201,202,1256.8437512207,672.221998596191,3.52368702688643,4.89781896307926
991,2,2,6,B4,1325,1505,180,181,1309.16201594688,778.938548508969,2.5580062451759,3.59458261517858
991,2,2,7,B,1545,1783,238,239,1299.95295502868,303.063290044728,2.38129880768887,3.28023117605785
991,2,2,8,A,1818,1996,178,179,904.469208453335,318.962145616779,4.47340242324089,3.43977377791826
991,2,2,9,AT2,2022,2139,117,118,662.010775862069,511.203448591561,4.012020098446,5.45637576905952
991,2,3,1,NaN,0,150,150,151,1001.73892580583,173.479865823016,0.770607463265281,2.52321101826232
991,2,3,2,A1,177,432,255,256,929.904920082393,445.535432590274,1.33561246922735,8.14169323809947
991,2,3,3,A3,452,895,443,444,954.091515174279,673.18518142355,2.83666812841779,3.49462870156919
991,2,3,4,A2,923,1099,176,177,951.763711983817,493.406857038225,1.0610715721035,4.21319439739049
991,2,3,5,B2,1140,1404,264,265,1275.60779226325,561.820912756394,4.03997654026179,3.90061925577923
991,2,3,6,B4,1420,1873,453,454,1307.74225690724,786.166703823393,10.56860635779,14.3353848700684
991,2,4,1,NaN,0,169,169,170,993.632144927979,170.996131352016,0.996909023106474,5.51006859341205
991,2,4,2,A1,196,467,271,272,928.583331524884,475.539260073061,2.2680606646982,7.4440785208808
991,2,4,3,A3,476,803,327,328,955.609051476227,604.272546499053,2.58095178775406,5.40116134735937
991,2,4,4,A4,813,1027,214,215,956.373709235393,728.090845099078,1.88582615797132,6.57041608677589
991,2,4,5,B2,1061,1283,222,223,1286.40203415538,527.90588309862,3.68990412583695,2.46028078668959
991,2,4,6,B1,1295,1558,263,264,1297.87614475862,413.094274855752,1.70351099987391,5.00023365813177
991,2,4,7,B2,1571,1794,223,224,1287.04864666913,590.10157610919,3.22290609357088,9.09438195382469
991,2,4,8,B3,1799,1988,189,190,1286.80132926779,668.673138882251,1.55804053636995,4.63401248026719
991,2,4,9,B4,1996,2530,534,535,1295.01970049946,772.111914257171,2.61484740426256,5.3095483802791
991,2,4,10,NaN,2565,2753,188,189,947.101337942848,852.845455067681,4.01318581627445,2.93674530637435
991,2,4,11,A1,2794,3075,281,282,973.978033992222,384.10178565979,2.88817239595798,3.73453169530447
991,2,4,12,B,3109,3219,110,111,1227.3582573287,307.249081392901,4.40526300479466,3.12603534504688
991,2,5,1,NaN,0,173,173,174,1008.90668416578,175.453488327736,0.766337033902479,4.8691377873372
991,2,5,2,A1,201,484,283,284,959.63475177305,446.511878480303,2.91363725957049,8.49521089039311
991,2,5,3,A3,495,1145,650,651,946.296531641979,612.969337686736,7.29181550898876,28.5223863074881
991,2,5,4,A3,1154,1395,241,242,953.067710367839,692.333749516805,2.23182028164769,5.1342279965974
991,2,5,5,B2,1436,1980,544,545,1284.44520920109,516.307367763906,10.4931856826939,31.4786866750809
991,2,5,6,B4,1994,2274,280,281,1305.68673410723,772.087276773213,6.33992883368245,11.8609299472956
991,2,6,1,NaN,0,165,165,166,985.59298724663,155.414329342726,1.17761007432438,4.11195144266014
991,2,6,2,A1,190,453,263,264,951.872901042909,428.568702814233,1.92625887104675,7.77424138922754
991,2,6,3,A2,463,766,303,304,941.60546491004,568.757616257825,1.94040330265612,5.05294018502859
991,2,6,4,A3,775,1053,278,279,953.000177596881,668.834658185498,2.29578896028414,2.69981373313486
991,2,6,5,B2,1088,1575,487,488,1289.49752732265,544.491152037318,3.34200590730668,5.51527301881291
991,2,6,6,B4,1601,1853,252,253,1315.24103634291,775.123107180652,3.68823388498433,3.90151952052774
991,2,6,7,A4,1886,1985,99,100,956.398979342714,755.056627546038,6.37646716850835,3.34420397167729
991,2,7,1,NaN,0,137,137,138,989.451840120203,162.652941479402,2.22925741171297,3.7069584739928
991,2,7,2,AT1,173,363,190,191,709.15264424319,432.01296189727,4.23152210899183,7.2551508730701
991,2,7,3,AT1,369,733,364,365,621.880439106755,453.777410501948,3.60971028866428,3.45858426124148
991,2,7,4,AT2,744,873,129,130,627.935937404633,580.104297637939,1.92234594587275,4.2216818735402
991,2,7,5,A1,904,1227,323,324,962.999221327882,448.992547029294,3.06773028943463,1.9493121300077
991,2,7,6,A4,1250,1553,303,304,961.004304595341,702.004969211604,1.56066222884353,6.25728652200451
991,2,7,7,A1,1582,1800,218,219,956.989399571573,481.673731298491,2.09101569315167,3.59976256059956
991,2,7,8,B1,1831,2096,265,266,1292.765528361,470.963257529519,3.21392595649278,3.99005128579335
991,2,7,9,B3,2106,2332,226,227,1310.40422281901,616.042221815321,4.65179759526112,6.71459031575849
991,2,7,10,B4,2347,2574,227,228,1310.75398294905,807.936504397772,5.88442721378478,9.01343029208667
991,2,8,1,NaN,0,31,31,32,999.743334960938,207.001666768392,0.54907601396316,4.1933552306552
991,2,8,2,A4,64,256,192,193,977.13455296062,707.257591686948,4.1958882415916,9.7405944135349
991,2,8,3,A2,290,595,305,306,951.807072790045,491.455920520582,2.39757495109049,3.9094197144825
991,2,8,4,A3,621,950,329,330,963.264787348305,676.287653295005,1.76096716249515,5.23629532804641
991,2,8,5,B4,980,1137,157,158,1157.41666705792,808.002245193873,5.42697026467533,3.25635042151412
991,2,8,6,B4,1147,1291,144,145,1269.27936943428,800.677270849268,4.70286492637871,1.33290449328046
991,2,8,7,A4,1324,1511,187,188,963.647578413768,726.977151522072,3.91414802589534,1.63400250401818
991,2,8,8,A,1551,1834,283,284,975.636524822695,346.160283839449,1.26113304689722,2.73991374581336
